key,sequence
-1,APSLVELMQAMLEAIQAVLDAHDVPADIRTPLLAAQRAALEAARRLEALSPEAAARLREAFLECVRLIRQTGRLQPDEILAIINKTLEELKKLYPDDAELQAVLDEMKACAEQAAAANKALQAAKPDVAAAIAAAVAAL
-1,APA-VEQMEAALELL------APVPKDV-AQALHAYRLAVDPRREAAAVAAYAELARRHPgksawTLDHARLLARTGQLQ--QALAILSQ------------------------------------------------------
-1,APA-IEQTEAAIRLLQ------PVPDDV-AEVLNAERLSRNPQQFGEAAKAWAALAAKHPekrayTLEQASKLNASN--QPKEALALLN-------------------------------------------------------
-1,----VEQMNAARELLQ------PAPADV-LELMRARTAAMDPQHLPQASAAFSELLDAHPlkteyLLERARLLRQND--APQEPLKIL--------------------------------------------------------
-1,ASAAIEQTRTAGELLQ------PAPKEVMA-LLKAEESARDPLRQANAAAAFGALARQYPaktlyLINQARTLMHAGKLQ--EALAILN-------------------------------------------------------
-1,APSVTE-TRTAIGLLK------PIPADVGA-VLQAELLSRDPQQAAEAAKAYGALAARHPeksvfALDQANMLLNAAK--PEEAIPLLNQ------------------------------------------------------
-1,APSLVELMQAMLEAIQAVLDAHDVPADIRTPLLAAQRAALEAARRLEALSPEAAARLREAFLECVRLIRQTGRLQPDEILAIINKTLEELKKLYPDDAELQAVLDEMKACAEQAAAANKALQAAKPDVAAAIAAAVAAL
-1,-----EQTDAAIERLQ------PVPADV-TAVLHAERLARDPQRATEAAAAFAGLATRHPgrtsfALDQARMLRRAG--QFKEALAILNQPFWE--------------------------------------------------
-1,----VEQTDAAIERLQ------PVPGDV-AAVLEAERLSRDPQRSTEAAEAFARLAARYPgktdyALDQARMLLRGG--QFKEALAIL--------------------------------------------------------
-1,----IEQTEAAIRLLQ------PVPDDV-AEVLNAERLSRNPQQFGEAAKAWAALAAKHPekrayTLEQASKLNASN--QPKEALAILNR------------------------------------------------------
-1,----IEQTETAIRLLQ------PVPADV-ANVLDAQRLSRNPQQFNEAAKAWGELAAKHPekrayALEQASQLNVAN--QPTEALALLNR------------------------------------------------------
-1,----IEQTQTATRLLQ------PAPKEV-VALLQAEERARDPQRQADAAAAFGALARQYPgktlyVINQARTLMHAGKLQ--EALAILN-------------------------------------------------------
-1,----IEQTETALRLLQ------PIPADV-AEVLNAERLTRNPETYEEAAKAWGRLAAKHPqkrayTLEQASNLNVANL--HKEALALLN-------------------------------------------------------
-1,----IEETEAAITLLK------PVPDDV-AAVLHAERLSRDPQKAADAAKAYAELAARHPeksvyVLDQANMLVNAA--QPEQAVPLLN-------------------------------------------------------
-1,----IEHMEAAIRLLQ------PVPDDV-AEVLNAKRLGNNPQQFAEAAKAWAALAAKHPdkrayTLEEAAHLNASN--QPKEA------------------------------------------------------------
-1,----IEQTRLAGELLQ------PAPREVR-ALLQAEERARDPERQAEAAAAFGALARQYPgktlyLINQARTLMHAGKL--EQARAILN-------------------------------------------------------
-1,----------------------PAPAEVR-ALLAAEERARDPERQGEAAEAFGKLAKQYPgktlyLINQARTLFNAGKL--KEASAILN-------------------------------------------------------